<?xml version="1.0" encoding="UTF-8" ?>
<!-- This is a WordPress eXtended RSS file generated by WordPress as an export of your site. -->
<!-- It contains information about your site's posts, pages, comments, categories, and other content. -->
<!-- You may use this file to transfer that content from one site to another. -->
<!-- This file is not intended to serve as a complete backup of your site. -->

<!-- To import this information into a WordPress site follow these steps: -->
<!-- 1. Log in to that site as an administrator. -->
<!-- 2. Go to Tools: Import in the WordPress admin panel. -->
<!-- 3. Install the "WordPress" importer from the list. -->
<!-- 4. Activate & Run Importer. -->
<!-- 5. Upload this file using the form provided on that page. -->
<!-- 6. You will first be asked to map the authors in this export file to users -->
<!--    on the site. For each author, you may choose to map to an -->
<!--    existing user on the site or to create a new user. -->
<!-- 7. WordPress will then import each of the posts, pages, comments, categories, etc. -->
<!--    contained in this file into your site. -->

<!-- generator="WordPress/3.6.1" created="2014-06-14 10:47" -->
<rss version="2.0"
	xmlns:excerpt="http://wordpress.org/export/1.2/excerpt/"
	xmlns:content="http://purl.org/rss/1.0/modules/content/"
	xmlns:wfw="http://wellformedweb.org/CommentAPI/"
	xmlns:dc="http://purl.org/dc/elements/1.1/"
	xmlns:wp="http://wordpress.org/export/1.2/"
>

<channel>
	<title>maximlawxml</title>
	<link>http://wordpress.thebebel.com/demo/maximlawxml</link>
	<description>Just another Demo Multi Network Sites site</description>
	<pubDate>Sat, 14 Jun 2014 10:47:27 +0000</pubDate>
	<language>en-US</language>
	<wp:wxr_version>1.2</wp:wxr_version>
	<wp:base_site_url>http://wordpress.thebebel.com/demo/</wp:base_site_url>
	<wp:base_blog_url>http://wordpress.thebebel.com/demo/maximlawxml</wp:base_blog_url>

	<wp:author><wp:author_id>1</wp:author_id><wp:author_login>Bebel</wp:author_login><wp:author_email>bebel_flashden@yahoo.de</wp:author_email><wp:author_display_name><![CDATA[Bebel]]></wp:author_display_name><wp:author_first_name><![CDATA[]]></wp:author_first_name><wp:author_last_name><![CDATA[]]></wp:author_last_name></wp:author>
	<wp:author><wp:author_id>7</wp:author_id><wp:author_login>artistinstall</wp:author_login><wp:author_email>maxleondalheimer@yahoo.de</wp:author_email><wp:author_display_name><![CDATA[artistinstall]]></wp:author_display_name><wp:author_first_name><![CDATA[]]></wp:author_first_name><wp:author_last_name><![CDATA[]]></wp:author_last_name></wp:author>

	<wp:category><wp:term_id>1</wp:term_id><wp:category_nicename>uncategorized</wp:category_nicename><wp:category_parent></wp:category_parent><wp:cat_name><![CDATA[Uncategorized]]></wp:cat_name></wp:category>
	<wp:term><wp:term_id>2</wp:term_id><wp:term_taxonomy>clients-filter</wp:term_taxonomy><wp:term_slug>clients</wp:term_slug><wp:term_parent></wp:term_parent><wp:term_name><![CDATA[Clients]]></wp:term_name></wp:term>
	<wp:term><wp:term_id>3</wp:term_id><wp:term_taxonomy>nav_menu</wp:term_taxonomy><wp:term_slug>menu-1</wp:term_slug><wp:term_name><![CDATA[Menu 1]]></wp:term_name></wp:term>

	<generator>http://wordpress.org/?v=3.6.1</generator>

	<item>
		<title>Homepage</title>
		<link>http://wordpress.thebebel.com/demo/maximlawxml/</link>
		<pubDate>Sat, 14 Jun 2014 10:09:56 +0000</pubDate>
		<dc:creator>Bebel</dc:creator>
		<guid isPermaLink="false">http://wordpress.thebebel.com/demo/maximlawxml/?page_id=8</guid>
		<description></description>
		<content:encoded><![CDATA[]]></content:encoded>
		<excerpt:encoded><![CDATA[]]></excerpt:encoded>
		<wp:post_id>8</wp:post_id>
		<wp:post_date>2014-06-14 10:09:56</wp:post_date>
		<wp:post_date_gmt>2014-06-14 10:09:56</wp:post_date_gmt>
		<wp:comment_status>open</wp:comment_status>
		<wp:ping_status>open</wp:ping_status>
		<wp:post_name>homepage</wp:post_name>
		<wp:status>publish</wp:status>
		<wp:post_parent>0</wp:post_parent>
		<wp:menu_order>0</wp:menu_order>
		<wp:post_type>page</wp:post_type>
		<wp:post_password></wp:post_password>
		<wp:is_sticky>0</wp:is_sticky>
		<wp:postmeta>
			<wp:meta_key>_edit_last</wp:meta_key>
			<wp:meta_value><![CDATA[1]]></wp:meta_value>
		</wp:postmeta>
		<wp:postmeta>
			<wp:meta_key>_wp_page_template</wp:meta_key>
			<wp:meta_value><![CDATA[template-homepage.php]]></wp:meta_value>
		</wp:postmeta>
		<wp:postmeta>
			<wp:meta_key>inner-page-layout</wp:meta_key>
			<wp:meta_value><![CDATA[default]]></wp:meta_value>
		</wp:postmeta>
	</item>
	<item>
		<title>Test Client</title>
		<link>http://wordpress.thebebel.com/demo/maximlawxml/clients/test-client/</link>
		<pubDate>Sat, 14 Jun 2014 10:27:05 +0000</pubDate>
		<dc:creator>Bebel</dc:creator>
		<guid isPermaLink="false">http://wordpress.thebebel.com/demo/maximlawxml/?post_type=maxim_clients&#038;p=21</guid>
		<description></description>
		<content:encoded><![CDATA[Lorem ipsum dolor sit amet, consetetur sadipscing elitr, sed diam nonumy eirmod tempor invidunt ut labore et dolore magna aliquyam erat, sed diam voluptua. At vero eos et accusam et justo duo dolores et ea rebum. Stet clita kasd gubergren, no sea takimata sanctus est Lorem ipsum dolor sit amet. Lorem ipsum dolor sit amet, consetetur sadipscing elitr, sed diam nonumy eirmod tempor invidunt ut labore et dolore magna aliquyam erat, sed diam voluptua. At vero eos et accusam et justo duo dolores et ea rebum. Stet clita kasd gubergren, no sea takimata sanctus est Lorem ipsum dolor sit amet.]]></content:encoded>
		<excerpt:encoded><![CDATA[]]></excerpt:encoded>
		<wp:post_id>21</wp:post_id>
		<wp:post_date>2014-06-14 10:27:05</wp:post_date>
		<wp:post_date_gmt>2014-06-14 10:27:05</wp:post_date_gmt>
		<wp:comment_status>open</wp:comment_status>
		<wp:ping_status>open</wp:ping_status>
		<wp:post_name>test-client</wp:post_name>
		<wp:status>publish</wp:status>
		<wp:post_parent>0</wp:post_parent>
		<wp:menu_order>0</wp:menu_order>
		<wp:post_type>maxim_clients</wp:post_type>
		<wp:post_password></wp:post_password>
		<wp:is_sticky>0</wp:is_sticky>
		<category domain="clients-filter" nicename="clients"><![CDATA[Clients]]></category>
		<wp:postmeta>
			<wp:meta_key>_edit_last</wp:meta_key>
			<wp:meta_value><![CDATA[1]]></wp:meta_value>
		</wp:postmeta>
		<wp:postmeta>
			<wp:meta_key>_thumbnail_id</wp:meta_key>
			<wp:meta_value><![CDATA[23]]></wp:meta_value>
		</wp:postmeta>
		<wp:postmeta>
			<wp:meta_key>inner-page-layout</wp:meta_key>
			<wp:meta_value><![CDATA[default]]></wp:meta_value>
		</wp:postmeta>
	</item>
	<item>
		<title>galleryimage3</title>
		<link>http://wordpress.thebebel.com/demo/maximlawxml/clients/test-client/galleryimage3/</link>
		<pubDate>Sat, 14 Jun 2014 10:26:52 +0000</pubDate>
		<dc:creator>Bebel</dc:creator>
		<guid isPermaLink="false">http://wordpress.thebebel.com/demo/maximlawxml/files/2014/06/galleryimage3.jpg</guid>
		<description></description>
		<content:encoded><![CDATA[]]></content:encoded>
		<excerpt:encoded><![CDATA[]]></excerpt:encoded>
		<wp:post_id>23</wp:post_id>
		<wp:post_date>2014-06-14 10:26:52</wp:post_date>
		<wp:post_date_gmt>2014-06-14 10:26:52</wp:post_date_gmt>
		<wp:comment_status>open</wp:comment_status>
		<wp:ping_status>open</wp:ping_status>
		<wp:post_name>galleryimage3</wp:post_name>
		<wp:status>inherit</wp:status>
		<wp:post_parent>21</wp:post_parent>
		<wp:menu_order>0</wp:menu_order>
		<wp:post_type>attachment</wp:post_type>
		<wp:post_password></wp:post_password>
		<wp:is_sticky>0</wp:is_sticky>
		<wp:attachment_url>http://wordpress.thebebel.com/demo/maximlawxml/files/2014/06/galleryimage3.jpg</wp:attachment_url>
		<wp:postmeta>
			<wp:meta_key>_wp_attached_file</wp:meta_key>
			<wp:meta_value><![CDATA[2014/06/galleryimage3.jpg]]></wp:meta_value>
		</wp:postmeta>
		<wp:postmeta>
			<wp:meta_key>_wp_attachment_metadata</wp:meta_key>
			<wp:meta_value><![CDATA[a:5:{s:5:"width";i:800;s:6:"height";i:531;s:4:"file";s:25:"2014/06/galleryimage3.jpg";s:5:"sizes";a:7:{s:9:"thumbnail";a:4:{s:4:"file";s:25:"galleryimage3-150x150.jpg";s:5:"width";i:150;s:6:"height";i:150;s:9:"mime-type";s:10:"image/jpeg";}s:6:"medium";a:4:{s:4:"file";s:25:"galleryimage3-300x199.jpg";s:5:"width";i:300;s:6:"height";i:199;s:9:"mime-type";s:10:"image/jpeg";}s:4:"blog";a:4:{s:4:"file";s:25:"galleryimage3-196x196.jpg";s:5:"width";i:196;s:6:"height";i:196;s:9:"mime-type";s:10:"image/jpeg";}s:19:"page_without_margin";a:4:{s:4:"file";s:25:"galleryimage3-800x400.jpg";s:5:"width";i:800;s:6:"height";i:400;s:9:"mime-type";s:10:"image/jpeg";}s:16:"page_with_margin";a:4:{s:4:"file";s:25:"galleryimage3-800x246.jpg";s:5:"width";i:800;s:6:"height";i:246;s:9:"mime-type";s:10:"image/jpeg";}s:4:"work";a:4:{s:4:"file";s:25:"galleryimage3-338x467.jpg";s:5:"width";i:338;s:6:"height";i:467;s:9:"mime-type";s:10:"image/jpeg";}s:7:"clients";a:4:{s:4:"file";s:25:"galleryimage3-769x467.jpg";s:5:"width";i:769;s:6:"height";i:467;s:9:"mime-type";s:10:"image/jpeg";}}s:10:"image_meta";a:10:{s:8:"aperture";i:0;s:6:"credit";s:0:"";s:6:"camera";s:0:"";s:7:"caption";s:0:"";s:17:"created_timestamp";i:0;s:9:"copyright";s:0:"";s:12:"focal_length";i:0;s:3:"iso";i:0;s:13:"shutter_speed";i:0;s:5:"title";s:0:"";}}]]></wp:meta_value>
		</wp:postmeta>
	</item>
	<item>
		<title>Dummy Gallery</title>
		<link>http://wordpress.thebebel.com/demo/maximlawxml/gallery/dummy-gallery/</link>
		<pubDate>Sat, 14 Jun 2014 10:31:18 +0000</pubDate>
		<dc:creator>Bebel</dc:creator>
		<guid isPermaLink="false">http://wordpress.thebebel.com/demo/maximlawxml/?post_type=maxim_gallery&#038;p=24</guid>
		<description></description>
		<content:encoded><![CDATA[Take a look at the help file to see how we build the gallery page :)]]></content:encoded>
		<excerpt:encoded><![CDATA[]]></excerpt:encoded>
		<wp:post_id>24</wp:post_id>
		<wp:post_date>2014-06-14 10:31:18</wp:post_date>
		<wp:post_date_gmt>2014-06-14 10:31:18</wp:post_date_gmt>
		<wp:comment_status>closed</wp:comment_status>
		<wp:ping_status>closed</wp:ping_status>
		<wp:post_name>dummy-gallery</wp:post_name>
		<wp:status>publish</wp:status>
		<wp:post_parent>0</wp:post_parent>
		<wp:menu_order>0</wp:menu_order>
		<wp:post_type>maxim_gallery</wp:post_type>
		<wp:post_password></wp:post_password>
		<wp:is_sticky>0</wp:is_sticky>
		<wp:postmeta>
			<wp:meta_key>_edit_last</wp:meta_key>
			<wp:meta_value><![CDATA[1]]></wp:meta_value>
		</wp:postmeta>
	</item>
	<item>
		<title>gallerimage</title>
		<link>http://wordpress.thebebel.com/demo/maximlawxml/gallery/dummy-gallery/gallerimage/</link>
		<pubDate>Sat, 14 Jun 2014 10:28:05 +0000</pubDate>
		<dc:creator>Bebel</dc:creator>
		<guid isPermaLink="false">http://wordpress.thebebel.com/demo/maximlawxml/files/2014/06/gallerimage.jpg</guid>
		<description></description>
		<content:encoded><![CDATA[]]></content:encoded>
		<excerpt:encoded><![CDATA[]]></excerpt:encoded>
		<wp:post_id>25</wp:post_id>
		<wp:post_date>2014-06-14 10:28:05</wp:post_date>
		<wp:post_date_gmt>2014-06-14 10:28:05</wp:post_date_gmt>
		<wp:comment_status>open</wp:comment_status>
		<wp:ping_status>open</wp:ping_status>
		<wp:post_name>gallerimage</wp:post_name>
		<wp:status>inherit</wp:status>
		<wp:post_parent>24</wp:post_parent>
		<wp:menu_order>0</wp:menu_order>
		<wp:post_type>attachment</wp:post_type>
		<wp:post_password></wp:post_password>
		<wp:is_sticky>0</wp:is_sticky>
		<wp:attachment_url>http://wordpress.thebebel.com/demo/maximlawxml/files/2014/06/gallerimage.jpg</wp:attachment_url>
		<wp:postmeta>
			<wp:meta_key>_wp_attached_file</wp:meta_key>
			<wp:meta_value><![CDATA[2014/06/gallerimage.jpg]]></wp:meta_value>
		</wp:postmeta>
		<wp:postmeta>
			<wp:meta_key>_wp_attachment_metadata</wp:meta_key>
			<wp:meta_value><![CDATA[a:5:{s:5:"width";i:800;s:6:"height";i:531;s:4:"file";s:23:"2014/06/gallerimage.jpg";s:5:"sizes";a:7:{s:9:"thumbnail";a:4:{s:4:"file";s:23:"gallerimage-150x150.jpg";s:5:"width";i:150;s:6:"height";i:150;s:9:"mime-type";s:10:"image/jpeg";}s:6:"medium";a:4:{s:4:"file";s:23:"gallerimage-300x199.jpg";s:5:"width";i:300;s:6:"height";i:199;s:9:"mime-type";s:10:"image/jpeg";}s:4:"blog";a:4:{s:4:"file";s:23:"gallerimage-196x196.jpg";s:5:"width";i:196;s:6:"height";i:196;s:9:"mime-type";s:10:"image/jpeg";}s:19:"page_without_margin";a:4:{s:4:"file";s:23:"gallerimage-800x400.jpg";s:5:"width";i:800;s:6:"height";i:400;s:9:"mime-type";s:10:"image/jpeg";}s:16:"page_with_margin";a:4:{s:4:"file";s:23:"gallerimage-800x246.jpg";s:5:"width";i:800;s:6:"height";i:246;s:9:"mime-type";s:10:"image/jpeg";}s:4:"work";a:4:{s:4:"file";s:23:"gallerimage-338x467.jpg";s:5:"width";i:338;s:6:"height";i:467;s:9:"mime-type";s:10:"image/jpeg";}s:7:"clients";a:4:{s:4:"file";s:23:"gallerimage-769x467.jpg";s:5:"width";i:769;s:6:"height";i:467;s:9:"mime-type";s:10:"image/jpeg";}}s:10:"image_meta";a:10:{s:8:"aperture";i:0;s:6:"credit";s:0:"";s:6:"camera";s:0:"";s:7:"caption";s:0:"";s:17:"created_timestamp";i:0;s:9:"copyright";s:0:"";s:12:"focal_length";i:0;s:3:"iso";i:0;s:13:"shutter_speed";i:0;s:5:"title";s:0:"";}}]]></wp:meta_value>
		</wp:postmeta>
	</item>
	<item>
		<title>galleryimage2</title>
		<link>http://wordpress.thebebel.com/demo/maximlawxml/gallery/dummy-gallery/galleryimage2/</link>
		<pubDate>Sat, 14 Jun 2014 10:28:09 +0000</pubDate>
		<dc:creator>Bebel</dc:creator>
		<guid isPermaLink="false">http://wordpress.thebebel.com/demo/maximlawxml/files/2014/06/galleryimage2.jpg</guid>
		<description></description>
		<content:encoded><![CDATA[]]></content:encoded>
		<excerpt:encoded><![CDATA[]]></excerpt:encoded>
		<wp:post_id>26</wp:post_id>
		<wp:post_date>2014-06-14 10:28:09</wp:post_date>
		<wp:post_date_gmt>2014-06-14 10:28:09</wp:post_date_gmt>
		<wp:comment_status>open</wp:comment_status>
		<wp:ping_status>open</wp:ping_status>
		<wp:post_name>galleryimage2</wp:post_name>
		<wp:status>inherit</wp:status>
		<wp:post_parent>24</wp:post_parent>
		<wp:menu_order>0</wp:menu_order>
		<wp:post_type>attachment</wp:post_type>
		<wp:post_password></wp:post_password>
		<wp:is_sticky>0</wp:is_sticky>
		<wp:attachment_url>http://wordpress.thebebel.com/demo/maximlawxml/files/2014/06/galleryimage2.jpg</wp:attachment_url>
		<wp:postmeta>
			<wp:meta_key>_wp_attached_file</wp:meta_key>
			<wp:meta_value><![CDATA[2014/06/galleryimage2.jpg]]></wp:meta_value>
		</wp:postmeta>
		<wp:postmeta>
			<wp:meta_key>_wp_attachment_metadata</wp:meta_key>
			<wp:meta_value><![CDATA[a:5:{s:5:"width";i:800;s:6:"height";i:531;s:4:"file";s:25:"2014/06/galleryimage2.jpg";s:5:"sizes";a:7:{s:9:"thumbnail";a:4:{s:4:"file";s:25:"galleryimage2-150x150.jpg";s:5:"width";i:150;s:6:"height";i:150;s:9:"mime-type";s:10:"image/jpeg";}s:6:"medium";a:4:{s:4:"file";s:25:"galleryimage2-300x199.jpg";s:5:"width";i:300;s:6:"height";i:199;s:9:"mime-type";s:10:"image/jpeg";}s:4:"blog";a:4:{s:4:"file";s:25:"galleryimage2-196x196.jpg";s:5:"width";i:196;s:6:"height";i:196;s:9:"mime-type";s:10:"image/jpeg";}s:19:"page_without_margin";a:4:{s:4:"file";s:25:"galleryimage2-800x400.jpg";s:5:"width";i:800;s:6:"height";i:400;s:9:"mime-type";s:10:"image/jpeg";}s:16:"page_with_margin";a:4:{s:4:"file";s:25:"galleryimage2-800x246.jpg";s:5:"width";i:800;s:6:"height";i:246;s:9:"mime-type";s:10:"image/jpeg";}s:4:"work";a:4:{s:4:"file";s:25:"galleryimage2-338x467.jpg";s:5:"width";i:338;s:6:"height";i:467;s:9:"mime-type";s:10:"image/jpeg";}s:7:"clients";a:4:{s:4:"file";s:25:"galleryimage2-769x467.jpg";s:5:"width";i:769;s:6:"height";i:467;s:9:"mime-type";s:10:"image/jpeg";}}s:10:"image_meta";a:10:{s:8:"aperture";i:0;s:6:"credit";s:0:"";s:6:"camera";s:0:"";s:7:"caption";s:0:"";s:17:"created_timestamp";i:0;s:9:"copyright";s:0:"";s:12:"focal_length";i:0;s:3:"iso";i:0;s:13:"shutter_speed";i:0;s:5:"title";s:0:"";}}]]></wp:meta_value>
		</wp:postmeta>
	</item>
	<item>
		<title>galleryimage3</title>
		<link>http://wordpress.thebebel.com/demo/maximlawxml/gallery/dummy-gallery/galleryimage3-2/</link>
		<pubDate>Sat, 14 Jun 2014 10:28:11 +0000</pubDate>
		<dc:creator>Bebel</dc:creator>
		<guid isPermaLink="false">http://wordpress.thebebel.com/demo/maximlawxml/files/2014/06/galleryimage31.jpg</guid>
		<description></description>
		<content:encoded><![CDATA[]]></content:encoded>
		<excerpt:encoded><![CDATA[]]></excerpt:encoded>
		<wp:post_id>27</wp:post_id>
		<wp:post_date>2014-06-14 10:28:11</wp:post_date>
		<wp:post_date_gmt>2014-06-14 10:28:11</wp:post_date_gmt>
		<wp:comment_status>open</wp:comment_status>
		<wp:ping_status>open</wp:ping_status>
		<wp:post_name>galleryimage3-2</wp:post_name>
		<wp:status>inherit</wp:status>
		<wp:post_parent>24</wp:post_parent>
		<wp:menu_order>0</wp:menu_order>
		<wp:post_type>attachment</wp:post_type>
		<wp:post_password></wp:post_password>
		<wp:is_sticky>0</wp:is_sticky>
		<wp:attachment_url>http://wordpress.thebebel.com/demo/maximlawxml/files/2014/06/galleryimage31.jpg</wp:attachment_url>
		<wp:postmeta>
			<wp:meta_key>_wp_attached_file</wp:meta_key>
			<wp:meta_value><![CDATA[2014/06/galleryimage31.jpg]]></wp:meta_value>
		</wp:postmeta>
		<wp:postmeta>
			<wp:meta_key>_wp_attachment_metadata</wp:meta_key>
			<wp:meta_value><![CDATA[a:5:{s:5:"width";i:800;s:6:"height";i:531;s:4:"file";s:26:"2014/06/galleryimage31.jpg";s:5:"sizes";a:7:{s:9:"thumbnail";a:4:{s:4:"file";s:26:"galleryimage31-150x150.jpg";s:5:"width";i:150;s:6:"height";i:150;s:9:"mime-type";s:10:"image/jpeg";}s:6:"medium";a:4:{s:4:"file";s:26:"galleryimage31-300x199.jpg";s:5:"width";i:300;s:6:"height";i:199;s:9:"mime-type";s:10:"image/jpeg";}s:4:"blog";a:4:{s:4:"file";s:26:"galleryimage31-196x196.jpg";s:5:"width";i:196;s:6:"height";i:196;s:9:"mime-type";s:10:"image/jpeg";}s:19:"page_without_margin";a:4:{s:4:"file";s:26:"galleryimage31-800x400.jpg";s:5:"width";i:800;s:6:"height";i:400;s:9:"mime-type";s:10:"image/jpeg";}s:16:"page_with_margin";a:4:{s:4:"file";s:26:"galleryimage31-800x246.jpg";s:5:"width";i:800;s:6:"height";i:246;s:9:"mime-type";s:10:"image/jpeg";}s:4:"work";a:4:{s:4:"file";s:26:"galleryimage31-338x467.jpg";s:5:"width";i:338;s:6:"height";i:467;s:9:"mime-type";s:10:"image/jpeg";}s:7:"clients";a:4:{s:4:"file";s:26:"galleryimage31-769x467.jpg";s:5:"width";i:769;s:6:"height";i:467;s:9:"mime-type";s:10:"image/jpeg";}}s:10:"image_meta";a:10:{s:8:"aperture";i:0;s:6:"credit";s:0:"";s:6:"camera";s:0:"";s:7:"caption";s:0:"";s:17:"created_timestamp";i:0;s:9:"copyright";s:0:"";s:12:"focal_length";i:0;s:3:"iso";i:0;s:13:"shutter_speed";i:0;s:5:"title";s:0:"";}}]]></wp:meta_value>
		</wp:postmeta>
	</item>
	<item>
		<title>Team Member</title>
		<link>http://wordpress.thebebel.com/demo/maximlawxml/team/team-member/</link>
		<pubDate>Sat, 14 Jun 2014 10:30:53 +0000</pubDate>
		<dc:creator>Bebel</dc:creator>
		<guid isPermaLink="false">http://wordpress.thebebel.com/demo/maximlawxml/?post_type=maxim_team&#038;p=28</guid>
		<description></description>
		<content:encoded><![CDATA[Lorem ipsum dolor sit amet, consetetur sadipscing elitr, sed diam nonumy eirmod tempor invidunt ut labore et dolore magna aliquyam erat, sed diam voluptua. At vero eos et accusam et justo duo dolores et ea rebum. Stet clita kasd gubergren, no sea takimata sanctus est Lorem ipsum dolor sit amet. Lorem ipsum dolor sit amet, consetetur sadipscing elitr, sed diam nonumy eirmod tempor invidunt ut labore et dolore magna aliquyam erat, sed diam voluptua. At vero eos et accusam et justo duo dolores et ea rebum. Stet clita kasd gubergren, no sea takimata sanctus est Lorem ipsum dolor sit amet.]]></content:encoded>
		<excerpt:encoded><![CDATA[]]></excerpt:encoded>
		<wp:post_id>28</wp:post_id>
		<wp:post_date>2014-06-14 10:30:53</wp:post_date>
		<wp:post_date_gmt>2014-06-14 10:30:53</wp:post_date_gmt>
		<wp:comment_status>closed</wp:comment_status>
		<wp:ping_status>closed</wp:ping_status>
		<wp:post_name>team-member</wp:post_name>
		<wp:status>publish</wp:status>
		<wp:post_parent>0</wp:post_parent>
		<wp:menu_order>0</wp:menu_order>
		<wp:post_type>maxim_team</wp:post_type>
		<wp:post_password></wp:post_password>
		<wp:is_sticky>0</wp:is_sticky>
		<wp:postmeta>
			<wp:meta_key>_edit_last</wp:meta_key>
			<wp:meta_value><![CDATA[1]]></wp:meta_value>
		</wp:postmeta>
		<wp:postmeta>
			<wp:meta_key>_thumbnail_id</wp:meta_key>
			<wp:meta_value><![CDATA[27]]></wp:meta_value>
		</wp:postmeta>
		<wp:postmeta>
			<wp:meta_key>yo-face</wp:meta_key>
			<wp:meta_value><![CDATA[http://wordpress.thebebel.com/demo/maximlawxml/files/2014/06/purpe_big.jpg]]></wp:meta_value>
		</wp:postmeta>
		<wp:postmeta>
			<wp:meta_key>social-links</wp:meta_key>
			<wp:meta_value><![CDATA[a:2:{i:0;a:3:{s:5:"title";s:7:"Facebok";s:4:"icon";s:8:"facebook";s:4:"link";s:1:"#";}i:1;a:3:{s:5:"title";s:7:"Twitter";s:4:"icon";s:7:"twitter";s:4:"link";s:1:"#";}}]]></wp:meta_value>
		</wp:postmeta>
		<wp:postmeta>
			<wp:meta_key>inner-page-layout</wp:meta_key>
			<wp:meta_value><![CDATA[default]]></wp:meta_value>
		</wp:postmeta>
	</item>
	<item>
		<title>purpe_big</title>
		<link>http://wordpress.thebebel.com/demo/maximlawxml/team/team-member/purpe_big/</link>
		<pubDate>Sat, 14 Jun 2014 10:29:58 +0000</pubDate>
		<dc:creator>Bebel</dc:creator>
		<guid isPermaLink="false">http://wordpress.thebebel.com/demo/maximlawxml/files/2014/06/purpe_big.jpg</guid>
		<description></description>
		<content:encoded><![CDATA[]]></content:encoded>
		<excerpt:encoded><![CDATA[]]></excerpt:encoded>
		<wp:post_id>29</wp:post_id>
		<wp:post_date>2014-06-14 10:29:58</wp:post_date>
		<wp:post_date_gmt>2014-06-14 10:29:58</wp:post_date_gmt>
		<wp:comment_status>open</wp:comment_status>
		<wp:ping_status>open</wp:ping_status>
		<wp:post_name>purpe_big</wp:post_name>
		<wp:status>inherit</wp:status>
		<wp:post_parent>28</wp:post_parent>
		<wp:menu_order>0</wp:menu_order>
		<wp:post_type>attachment</wp:post_type>
		<wp:post_password></wp:post_password>
		<wp:is_sticky>0</wp:is_sticky>
		<wp:attachment_url>http://wordpress.thebebel.com/demo/maximlawxml/files/2014/06/purpe_big.jpg</wp:attachment_url>
		<wp:postmeta>
			<wp:meta_key>_wp_attached_file</wp:meta_key>
			<wp:meta_value><![CDATA[2014/06/purpe_big.jpg]]></wp:meta_value>
		</wp:postmeta>
		<wp:postmeta>
			<wp:meta_key>_wp_attachment_metadata</wp:meta_key>
			<wp:meta_value><![CDATA[a:5:{s:5:"width";i:202;s:6:"height";i:273;s:4:"file";s:21:"2014/06/purpe_big.jpg";s:5:"sizes";a:3:{s:9:"thumbnail";a:4:{s:4:"file";s:21:"purpe_big-150x150.jpg";s:5:"width";i:150;s:6:"height";i:150;s:9:"mime-type";s:10:"image/jpeg";}s:4:"blog";a:4:{s:4:"file";s:21:"purpe_big-196x196.jpg";s:5:"width";i:196;s:6:"height";i:196;s:9:"mime-type";s:10:"image/jpeg";}s:16:"page_with_margin";a:4:{s:4:"file";s:21:"purpe_big-202x246.jpg";s:5:"width";i:202;s:6:"height";i:246;s:9:"mime-type";s:10:"image/jpeg";}}s:10:"image_meta";a:10:{s:8:"aperture";i:0;s:6:"credit";s:0:"";s:6:"camera";s:0:"";s:7:"caption";s:0:"";s:17:"created_timestamp";i:0;s:9:"copyright";s:0:"";s:12:"focal_length";i:0;s:3:"iso";i:0;s:13:"shutter_speed";i:0;s:5:"title";s:0:"";}}]]></wp:meta_value>
		</wp:postmeta>
	</item>
	<item>
		<title>What We Do</title>
		<link>http://wordpress.thebebel.com/demo/maximlawxml/work/what-we-do/</link>
		<pubDate>Sat, 14 Jun 2014 10:32:09 +0000</pubDate>
		<dc:creator>Bebel</dc:creator>
		<guid isPermaLink="false">http://wordpress.thebebel.com/demo/maximlawxml/?post_type=maxim_work&#038;p=30</guid>
		<description></description>
		<content:encoded><![CDATA[Lorem ipsum dolor sit amet, consetetur sadipscing elitr, sed diam nonumy eirmod tempor invidunt ut labore et dolore magna aliquyam erat, sed diam voluptua. At vero eos et accusam et justo duo dolores et ea rebum. Stet clita kasd gubergren, no sea takimata sanctus est Lorem ipsum dolor sit amet. Lorem ipsum dolor sit amet, consetetur sadipscing elitr, sed diam nonumy eirmod tempor invidunt ut labore et dolore magna aliquyam erat, sed diam voluptua. At vero eos et accusam et justo duo dolores et ea rebum. Stet clita kasd gubergren, no sea takimata sanctus est Lorem ipsum dolor sit amet.]]></content:encoded>
		<excerpt:encoded><![CDATA[]]></excerpt:encoded>
		<wp:post_id>30</wp:post_id>
		<wp:post_date>2014-06-14 10:32:09</wp:post_date>
		<wp:post_date_gmt>2014-06-14 10:32:09</wp:post_date_gmt>
		<wp:comment_status>open</wp:comment_status>
		<wp:ping_status>open</wp:ping_status>
		<wp:post_name>what-we-do</wp:post_name>
		<wp:status>publish</wp:status>
		<wp:post_parent>0</wp:post_parent>
		<wp:menu_order>0</wp:menu_order>
		<wp:post_type>maxim_work</wp:post_type>
		<wp:post_password></wp:post_password>
		<wp:is_sticky>0</wp:is_sticky>
		<wp:postmeta>
			<wp:meta_key>_edit_last</wp:meta_key>
			<wp:meta_value><![CDATA[1]]></wp:meta_value>
		</wp:postmeta>
		<wp:postmeta>
			<wp:meta_key>_thumbnail_id</wp:meta_key>
			<wp:meta_value><![CDATA[23]]></wp:meta_value>
		</wp:postmeta>
		<wp:postmeta>
			<wp:meta_key>work-image</wp:meta_key>
			<wp:meta_value><![CDATA[]]></wp:meta_value>
		</wp:postmeta>
		<wp:postmeta>
			<wp:meta_key>inner-page-layout</wp:meta_key>
			<wp:meta_value><![CDATA[default]]></wp:meta_value>
		</wp:postmeta>
	</item>
	<item>
		<title></title>
		<link>http://wordpress.thebebel.com/demo/maximlawxml/2014/06/14/32/</link>
		<pubDate>Sat, 14 Jun 2014 10:33:19 +0000</pubDate>
		<dc:creator>Bebel</dc:creator>
		<guid isPermaLink="false">http://wordpress.thebebel.com/demo/maximlawxml/?p=32</guid>
		<description></description>
		<content:encoded><![CDATA[ ]]></content:encoded>
		<excerpt:encoded><![CDATA[]]></excerpt:encoded>
		<wp:post_id>32</wp:post_id>
		<wp:post_date>2014-06-14 10:33:19</wp:post_date>
		<wp:post_date_gmt>2014-06-14 10:33:19</wp:post_date_gmt>
		<wp:comment_status>open</wp:comment_status>
		<wp:ping_status>open</wp:ping_status>
		<wp:post_name>32</wp:post_name>
		<wp:status>publish</wp:status>
		<wp:post_parent>0</wp:post_parent>
		<wp:menu_order>2</wp:menu_order>
		<wp:post_type>nav_menu_item</wp:post_type>
		<wp:post_password></wp:post_password>
		<wp:is_sticky>0</wp:is_sticky>
		<category domain="nav_menu" nicename="menu-1"><![CDATA[Menu 1]]></category>
		<wp:postmeta>
			<wp:meta_key>_menu_item_type</wp:meta_key>
			<wp:meta_value><![CDATA[post_type]]></wp:meta_value>
		</wp:postmeta>
		<wp:postmeta>
			<wp:meta_key>_menu_item_menu_item_parent</wp:meta_key>
			<wp:meta_value><![CDATA[0]]></wp:meta_value>
		</wp:postmeta>
		<wp:postmeta>
			<wp:meta_key>_menu_item_object_id</wp:meta_key>
			<wp:meta_value><![CDATA[18]]></wp:meta_value>
		</wp:postmeta>
		<wp:postmeta>
			<wp:meta_key>_menu_item_object</wp:meta_key>
			<wp:meta_value><![CDATA[page]]></wp:meta_value>
		</wp:postmeta>
		<wp:postmeta>
			<wp:meta_key>_menu_item_target</wp:meta_key>
			<wp:meta_value><![CDATA[]]></wp:meta_value>
		</wp:postmeta>
		<wp:postmeta>
			<wp:meta_key>_menu_item_classes</wp:meta_key>
			<wp:meta_value><![CDATA[a:1:{i:0;s:0:"";}]]></wp:meta_value>
		</wp:postmeta>
		<wp:postmeta>
			<wp:meta_key>_menu_item_xfn</wp:meta_key>
			<wp:meta_value><![CDATA[]]></wp:meta_value>
		</wp:postmeta>
		<wp:postmeta>
			<wp:meta_key>_menu_item_url</wp:meta_key>
			<wp:meta_value><![CDATA[]]></wp:meta_value>
		</wp:postmeta>
	</item>
	<item>
		<title></title>
		<link>http://wordpress.thebebel.com/demo/maximlawxml/2014/06/14/33/</link>
		<pubDate>Sat, 14 Jun 2014 10:33:19 +0000</pubDate>
		<dc:creator>Bebel</dc:creator>
		<guid isPermaLink="false">http://wordpress.thebebel.com/demo/maximlawxml/?p=33</guid>
		<description></description>
		<content:encoded><![CDATA[ ]]></content:encoded>
		<excerpt:encoded><![CDATA[]]></excerpt:encoded>
		<wp:post_id>33</wp:post_id>
		<wp:post_date>2014-06-14 10:33:19</wp:post_date>
		<wp:post_date_gmt>2014-06-14 10:33:19</wp:post_date_gmt>
		<wp:comment_status>open</wp:comment_status>
		<wp:ping_status>open</wp:ping_status>
		<wp:post_name>33</wp:post_name>
		<wp:status>publish</wp:status>
		<wp:post_parent>0</wp:post_parent>
		<wp:menu_order>3</wp:menu_order>
		<wp:post_type>nav_menu_item</wp:post_type>
		<wp:post_password></wp:post_password>
		<wp:is_sticky>0</wp:is_sticky>
		<category domain="nav_menu" nicename="menu-1"><![CDATA[Menu 1]]></category>
		<wp:postmeta>
			<wp:meta_key>_menu_item_type</wp:meta_key>
			<wp:meta_value><![CDATA[post_type]]></wp:meta_value>
		</wp:postmeta>
		<wp:postmeta>
			<wp:meta_key>_menu_item_menu_item_parent</wp:meta_key>
			<wp:meta_value><![CDATA[0]]></wp:meta_value>
		</wp:postmeta>
		<wp:postmeta>
			<wp:meta_key>_menu_item_object_id</wp:meta_key>
			<wp:meta_value><![CDATA[10]]></wp:meta_value>
		</wp:postmeta>
		<wp:postmeta>
			<wp:meta_key>_menu_item_object</wp:meta_key>
			<wp:meta_value><![CDATA[page]]></wp:meta_value>
		</wp:postmeta>
		<wp:postmeta>
			<wp:meta_key>_menu_item_target</wp:meta_key>
			<wp:meta_value><![CDATA[]]></wp:meta_value>
		</wp:postmeta>
		<wp:postmeta>
			<wp:meta_key>_menu_item_classes</wp:meta_key>
			<wp:meta_value><![CDATA[a:1:{i:0;s:0:"";}]]></wp:meta_value>
		</wp:postmeta>
		<wp:postmeta>
			<wp:meta_key>_menu_item_xfn</wp:meta_key>
			<wp:meta_value><![CDATA[]]></wp:meta_value>
		</wp:postmeta>
		<wp:postmeta>
			<wp:meta_key>_menu_item_url</wp:meta_key>
			<wp:meta_value><![CDATA[]]></wp:meta_value>
		</wp:postmeta>
	</item>
	<item>
		<title></title>
		<link>http://wordpress.thebebel.com/demo/maximlawxml/2014/06/14/34/</link>
		<pubDate>Sat, 14 Jun 2014 10:33:19 +0000</pubDate>
		<dc:creator>Bebel</dc:creator>
		<guid isPermaLink="false">http://wordpress.thebebel.com/demo/maximlawxml/?p=34</guid>
		<description></description>
		<content:encoded><![CDATA[ ]]></content:encoded>
		<excerpt:encoded><![CDATA[]]></excerpt:encoded>
		<wp:post_id>34</wp:post_id>
		<wp:post_date>2014-06-14 10:33:19</wp:post_date>
		<wp:post_date_gmt>2014-06-14 10:33:19</wp:post_date_gmt>
		<wp:comment_status>open</wp:comment_status>
		<wp:ping_status>open</wp:ping_status>
		<wp:post_name>34</wp:post_name>
		<wp:status>publish</wp:status>
		<wp:post_parent>0</wp:post_parent>
		<wp:menu_order>6</wp:menu_order>
		<wp:post_type>nav_menu_item</wp:post_type>
		<wp:post_password></wp:post_password>
		<wp:is_sticky>0</wp:is_sticky>
		<category domain="nav_menu" nicename="menu-1"><![CDATA[Menu 1]]></category>
		<wp:postmeta>
			<wp:meta_key>_menu_item_type</wp:meta_key>
			<wp:meta_value><![CDATA[post_type]]></wp:meta_value>
		</wp:postmeta>
		<wp:postmeta>
			<wp:meta_key>_menu_item_menu_item_parent</wp:meta_key>
			<wp:meta_value><![CDATA[0]]></wp:meta_value>
		</wp:postmeta>
		<wp:postmeta>
			<wp:meta_key>_menu_item_object_id</wp:meta_key>
			<wp:meta_value><![CDATA[12]]></wp:meta_value>
		</wp:postmeta>
		<wp:postmeta>
			<wp:meta_key>_menu_item_object</wp:meta_key>
			<wp:meta_value><![CDATA[page]]></wp:meta_value>
		</wp:postmeta>
		<wp:postmeta>
			<wp:meta_key>_menu_item_target</wp:meta_key>
			<wp:meta_value><![CDATA[]]></wp:meta_value>
		</wp:postmeta>
		<wp:postmeta>
			<wp:meta_key>_menu_item_classes</wp:meta_key>
			<wp:meta_value><![CDATA[a:1:{i:0;s:0:"";}]]></wp:meta_value>
		</wp:postmeta>
		<wp:postmeta>
			<wp:meta_key>_menu_item_xfn</wp:meta_key>
			<wp:meta_value><![CDATA[]]></wp:meta_value>
		</wp:postmeta>
		<wp:postmeta>
			<wp:meta_key>_menu_item_url</wp:meta_key>
			<wp:meta_value><![CDATA[]]></wp:meta_value>
		</wp:postmeta>
	</item>
	<item>
		<title></title>
		<link>http://wordpress.thebebel.com/demo/maximlawxml/2014/06/14/35/</link>
		<pubDate>Sat, 14 Jun 2014 10:33:19 +0000</pubDate>
		<dc:creator>Bebel</dc:creator>
		<guid isPermaLink="false">http://wordpress.thebebel.com/demo/maximlawxml/?p=35</guid>
		<description></description>
		<content:encoded><![CDATA[ ]]></content:encoded>
		<excerpt:encoded><![CDATA[]]></excerpt:encoded>
		<wp:post_id>35</wp:post_id>
		<wp:post_date>2014-06-14 10:33:19</wp:post_date>
		<wp:post_date_gmt>2014-06-14 10:33:19</wp:post_date_gmt>
		<wp:comment_status>open</wp:comment_status>
		<wp:ping_status>open</wp:ping_status>
		<wp:post_name>35</wp:post_name>
		<wp:status>publish</wp:status>
		<wp:post_parent>0</wp:post_parent>
		<wp:menu_order>4</wp:menu_order>
		<wp:post_type>nav_menu_item</wp:post_type>
		<wp:post_password></wp:post_password>
		<wp:is_sticky>0</wp:is_sticky>
		<category domain="nav_menu" nicename="menu-1"><![CDATA[Menu 1]]></category>
		<wp:postmeta>
			<wp:meta_key>_menu_item_type</wp:meta_key>
			<wp:meta_value><![CDATA[post_type]]></wp:meta_value>
		</wp:postmeta>
		<wp:postmeta>
			<wp:meta_key>_menu_item_menu_item_parent</wp:meta_key>
			<wp:meta_value><![CDATA[0]]></wp:meta_value>
		</wp:postmeta>
		<wp:postmeta>
			<wp:meta_key>_menu_item_object_id</wp:meta_key>
			<wp:meta_value><![CDATA[14]]></wp:meta_value>
		</wp:postmeta>
		<wp:postmeta>
			<wp:meta_key>_menu_item_object</wp:meta_key>
			<wp:meta_value><![CDATA[page]]></wp:meta_value>
		</wp:postmeta>
		<wp:postmeta>
			<wp:meta_key>_menu_item_target</wp:meta_key>
			<wp:meta_value><![CDATA[]]></wp:meta_value>
		</wp:postmeta>
		<wp:postmeta>
			<wp:meta_key>_menu_item_classes</wp:meta_key>
			<wp:meta_value><![CDATA[a:1:{i:0;s:0:"";}]]></wp:meta_value>
		</wp:postmeta>
		<wp:postmeta>
			<wp:meta_key>_menu_item_xfn</wp:meta_key>
			<wp:meta_value><![CDATA[]]></wp:meta_value>
		</wp:postmeta>
		<wp:postmeta>
			<wp:meta_key>_menu_item_url</wp:meta_key>
			<wp:meta_value><![CDATA[]]></wp:meta_value>
		</wp:postmeta>
	</item>
	<item>
		<title></title>
		<link>http://wordpress.thebebel.com/demo/maximlawxml/2014/06/14/36/</link>
		<pubDate>Sat, 14 Jun 2014 10:33:20 +0000</pubDate>
		<dc:creator>Bebel</dc:creator>
		<guid isPermaLink="false">http://wordpress.thebebel.com/demo/maximlawxml/?p=36</guid>
		<description></description>
		<content:encoded><![CDATA[ ]]></content:encoded>
		<excerpt:encoded><![CDATA[]]></excerpt:encoded>
		<wp:post_id>36</wp:post_id>
		<wp:post_date>2014-06-14 10:33:20</wp:post_date>
		<wp:post_date_gmt>2014-06-14 10:33:20</wp:post_date_gmt>
		<wp:comment_status>open</wp:comment_status>
		<wp:ping_status>open</wp:ping_status>
		<wp:post_name>36</wp:post_name>
		<wp:status>publish</wp:status>
		<wp:post_parent>0</wp:post_parent>
		<wp:menu_order>1</wp:menu_order>
		<wp:post_type>nav_menu_item</wp:post_type>
		<wp:post_password></wp:post_password>
		<wp:is_sticky>0</wp:is_sticky>
		<category domain="nav_menu" nicename="menu-1"><![CDATA[Menu 1]]></category>
		<wp:postmeta>
			<wp:meta_key>_menu_item_type</wp:meta_key>
			<wp:meta_value><![CDATA[post_type]]></wp:meta_value>
		</wp:postmeta>
		<wp:postmeta>
			<wp:meta_key>_menu_item_menu_item_parent</wp:meta_key>
			<wp:meta_value><![CDATA[0]]></wp:meta_value>
		</wp:postmeta>
		<wp:postmeta>
			<wp:meta_key>_menu_item_object_id</wp:meta_key>
			<wp:meta_value><![CDATA[8]]></wp:meta_value>
		</wp:postmeta>
		<wp:postmeta>
			<wp:meta_key>_menu_item_object</wp:meta_key>
			<wp:meta_value><![CDATA[page]]></wp:meta_value>
		</wp:postmeta>
		<wp:postmeta>
			<wp:meta_key>_menu_item_target</wp:meta_key>
			<wp:meta_value><![CDATA[]]></wp:meta_value>
		</wp:postmeta>
		<wp:postmeta>
			<wp:meta_key>_menu_item_classes</wp:meta_key>
			<wp:meta_value><![CDATA[a:1:{i:0;s:0:"";}]]></wp:meta_value>
		</wp:postmeta>
		<wp:postmeta>
			<wp:meta_key>_menu_item_xfn</wp:meta_key>
			<wp:meta_value><![CDATA[]]></wp:meta_value>
		</wp:postmeta>
		<wp:postmeta>
			<wp:meta_key>_menu_item_url</wp:meta_key>
			<wp:meta_value><![CDATA[]]></wp:meta_value>
		</wp:postmeta>
	</item>
	<item>
		<title></title>
		<link>http://wordpress.thebebel.com/demo/maximlawxml/2014/06/14/37/</link>
		<pubDate>Sat, 14 Jun 2014 10:33:20 +0000</pubDate>
		<dc:creator>Bebel</dc:creator>
		<guid isPermaLink="false">http://wordpress.thebebel.com/demo/maximlawxml/?p=37</guid>
		<description></description>
		<content:encoded><![CDATA[ ]]></content:encoded>
		<excerpt:encoded><![CDATA[]]></excerpt:encoded>
		<wp:post_id>37</wp:post_id>
		<wp:post_date>2014-06-14 10:33:20</wp:post_date>
		<wp:post_date_gmt>2014-06-14 10:33:20</wp:post_date_gmt>
		<wp:comment_status>open</wp:comment_status>
		<wp:ping_status>open</wp:ping_status>
		<wp:post_name>37</wp:post_name>
		<wp:status>publish</wp:status>
		<wp:post_parent>0</wp:post_parent>
		<wp:menu_order>5</wp:menu_order>
		<wp:post_type>nav_menu_item</wp:post_type>
		<wp:post_password></wp:post_password>
		<wp:is_sticky>0</wp:is_sticky>
		<category domain="nav_menu" nicename="menu-1"><![CDATA[Menu 1]]></category>
		<wp:postmeta>
			<wp:meta_key>_menu_item_type</wp:meta_key>
			<wp:meta_value><![CDATA[post_type]]></wp:meta_value>
		</wp:postmeta>
		<wp:postmeta>
			<wp:meta_key>_menu_item_menu_item_parent</wp:meta_key>
			<wp:meta_value><![CDATA[0]]></wp:meta_value>
		</wp:postmeta>
		<wp:postmeta>
			<wp:meta_key>_menu_item_object_id</wp:meta_key>
			<wp:meta_value><![CDATA[16]]></wp:meta_value>
		</wp:postmeta>
		<wp:postmeta>
			<wp:meta_key>_menu_item_object</wp:meta_key>
			<wp:meta_value><![CDATA[page]]></wp:meta_value>
		</wp:postmeta>
		<wp:postmeta>
			<wp:meta_key>_menu_item_target</wp:meta_key>
			<wp:meta_value><![CDATA[]]></wp:meta_value>
		</wp:postmeta>
		<wp:postmeta>
			<wp:meta_key>_menu_item_classes</wp:meta_key>
			<wp:meta_value><![CDATA[a:1:{i:0;s:0:"";}]]></wp:meta_value>
		</wp:postmeta>
		<wp:postmeta>
			<wp:meta_key>_menu_item_xfn</wp:meta_key>
			<wp:meta_value><![CDATA[]]></wp:meta_value>
		</wp:postmeta>
		<wp:postmeta>
			<wp:meta_key>_menu_item_url</wp:meta_key>
			<wp:meta_value><![CDATA[]]></wp:meta_value>
		</wp:postmeta>
	</item>
	<item>
		<title>logow</title>
		<link>http://wordpress.thebebel.com/demo/maximlawxml/?attachment_id=40</link>
		<pubDate>Sat, 14 Jun 2014 10:36:43 +0000</pubDate>
		<dc:creator>Bebel</dc:creator>
		<guid isPermaLink="false">http://wordpress.thebebel.com/demo/maximlawxml/files/2014/06/logow.png</guid>
		<description></description>
		<content:encoded><![CDATA[]]></content:encoded>
		<excerpt:encoded><![CDATA[]]></excerpt:encoded>
		<wp:post_id>40</wp:post_id>
		<wp:post_date>2014-06-14 10:36:43</wp:post_date>
		<wp:post_date_gmt>2014-06-14 10:36:43</wp:post_date_gmt>
		<wp:comment_status>open</wp:comment_status>
		<wp:ping_status>open</wp:ping_status>
		<wp:post_name>logow</wp:post_name>
		<wp:status>inherit</wp:status>
		<wp:post_parent>4</wp:post_parent>
		<wp:menu_order>0</wp:menu_order>
		<wp:post_type>attachment</wp:post_type>
		<wp:post_password></wp:post_password>
		<wp:is_sticky>0</wp:is_sticky>
		<wp:attachment_url>http://wordpress.thebebel.com/demo/maximlawxml/files/2014/06/logow.png</wp:attachment_url>
		<wp:postmeta>
			<wp:meta_key>_wp_attached_file</wp:meta_key>
			<wp:meta_value><![CDATA[2014/06/logow.png]]></wp:meta_value>
		</wp:postmeta>
		<wp:postmeta>
			<wp:meta_key>_wp_attachment_metadata</wp:meta_key>
			<wp:meta_value><![CDATA[a:5:{s:5:"width";i:125;s:6:"height";i:52;s:4:"file";s:17:"2014/06/logow.png";s:5:"sizes";a:0:{}s:10:"image_meta";a:10:{s:8:"aperture";i:0;s:6:"credit";s:0:"";s:6:"camera";s:0:"";s:7:"caption";s:0:"";s:17:"created_timestamp";i:0;s:9:"copyright";s:0:"";s:12:"focal_length";i:0;s:3:"iso";i:0;s:13:"shutter_speed";i:0;s:5:"title";s:0:"";}}]]></wp:meta_value>
		</wp:postmeta>
	</item>
	<item>
		<title>logob</title>
		<link>http://wordpress.thebebel.com/demo/maximlawxml/?attachment_id=41</link>
		<pubDate>Sat, 14 Jun 2014 10:36:46 +0000</pubDate>
		<dc:creator>Bebel</dc:creator>
		<guid isPermaLink="false">http://wordpress.thebebel.com/demo/maximlawxml/files/2014/06/logob.png</guid>
		<description></description>
		<content:encoded><![CDATA[]]></content:encoded>
		<excerpt:encoded><![CDATA[]]></excerpt:encoded>
		<wp:post_id>41</wp:post_id>
		<wp:post_date>2014-06-14 10:36:46</wp:post_date>
		<wp:post_date_gmt>2014-06-14 10:36:46</wp:post_date_gmt>
		<wp:comment_status>open</wp:comment_status>
		<wp:ping_status>open</wp:ping_status>
		<wp:post_name>logob</wp:post_name>
		<wp:status>inherit</wp:status>
		<wp:post_parent>4</wp:post_parent>
		<wp:menu_order>0</wp:menu_order>
		<wp:post_type>attachment</wp:post_type>
		<wp:post_password></wp:post_password>
		<wp:is_sticky>0</wp:is_sticky>
		<wp:attachment_url>http://wordpress.thebebel.com/demo/maximlawxml/files/2014/06/logob.png</wp:attachment_url>
		<wp:postmeta>
			<wp:meta_key>_wp_attached_file</wp:meta_key>
			<wp:meta_value><![CDATA[2014/06/logob.png]]></wp:meta_value>
		</wp:postmeta>
		<wp:postmeta>
			<wp:meta_key>_wp_attachment_metadata</wp:meta_key>
			<wp:meta_value><![CDATA[a:5:{s:5:"width";i:110;s:6:"height";i:46;s:4:"file";s:17:"2014/06/logob.png";s:5:"sizes";a:0:{}s:10:"image_meta";a:10:{s:8:"aperture";i:0;s:6:"credit";s:0:"";s:6:"camera";s:0:"";s:7:"caption";s:0:"";s:17:"created_timestamp";i:0;s:9:"copyright";s:0:"";s:12:"focal_length";i:0;s:3:"iso";i:0;s:13:"shutter_speed";i:0;s:5:"title";s:0:"";}}]]></wp:meta_value>
		</wp:postmeta>
	</item>
	<item>
		<title>bg1</title>
		<link>http://wordpress.thebebel.com/demo/maximlawxml/?attachment_id=42</link>
		<pubDate>Sat, 14 Jun 2014 10:38:52 +0000</pubDate>
		<dc:creator>Bebel</dc:creator>
		<guid isPermaLink="false">http://wordpress.thebebel.com/demo/maximlawxml/files/2014/06/bg1.jpg</guid>
		<description></description>
		<content:encoded><![CDATA[]]></content:encoded>
		<excerpt:encoded><![CDATA[]]></excerpt:encoded>
		<wp:post_id>42</wp:post_id>
		<wp:post_date>2014-06-14 10:38:52</wp:post_date>
		<wp:post_date_gmt>2014-06-14 10:38:52</wp:post_date_gmt>
		<wp:comment_status>open</wp:comment_status>
		<wp:ping_status>open</wp:ping_status>
		<wp:post_name>bg1</wp:post_name>
		<wp:status>inherit</wp:status>
		<wp:post_parent>4</wp:post_parent>
		<wp:menu_order>0</wp:menu_order>
		<wp:post_type>attachment</wp:post_type>
		<wp:post_password></wp:post_password>
		<wp:is_sticky>0</wp:is_sticky>
		<wp:attachment_url>http://wordpress.thebebel.com/demo/maximlawxml/files/2014/06/bg1.jpg</wp:attachment_url>
		<wp:postmeta>
			<wp:meta_key>_wp_attached_file</wp:meta_key>
			<wp:meta_value><![CDATA[2014/06/bg1.jpg]]></wp:meta_value>
		</wp:postmeta>
		<wp:postmeta>
			<wp:meta_key>_wp_attachment_metadata</wp:meta_key>
			<wp:meta_value><![CDATA[a:5:{s:5:"width";i:1800;s:6:"height";i:1195;s:4:"file";s:15:"2014/06/bg1.jpg";s:5:"sizes";a:8:{s:9:"thumbnail";a:4:{s:4:"file";s:15:"bg1-150x150.jpg";s:5:"width";i:150;s:6:"height";i:150;s:9:"mime-type";s:10:"image/jpeg";}s:6:"medium";a:4:{s:4:"file";s:15:"bg1-300x199.jpg";s:5:"width";i:300;s:6:"height";i:199;s:9:"mime-type";s:10:"image/jpeg";}s:5:"large";a:4:{s:4:"file";s:16:"bg1-1024x679.jpg";s:5:"width";i:1024;s:6:"height";i:679;s:9:"mime-type";s:10:"image/jpeg";}s:4:"blog";a:4:{s:4:"file";s:15:"bg1-196x196.jpg";s:5:"width";i:196;s:6:"height";i:196;s:9:"mime-type";s:10:"image/jpeg";}s:19:"page_without_margin";a:4:{s:4:"file";s:16:"bg1-1000x400.jpg";s:5:"width";i:1000;s:6:"height";i:400;s:9:"mime-type";s:10:"image/jpeg";}s:16:"page_with_margin";a:4:{s:4:"file";s:15:"bg1-879x246.jpg";s:5:"width";i:879;s:6:"height";i:246;s:9:"mime-type";s:10:"image/jpeg";}s:4:"work";a:4:{s:4:"file";s:15:"bg1-338x467.jpg";s:5:"width";i:338;s:6:"height";i:467;s:9:"mime-type";s:10:"image/jpeg";}s:7:"clients";a:4:{s:4:"file";s:15:"bg1-769x467.jpg";s:5:"width";i:769;s:6:"height";i:467;s:9:"mime-type";s:10:"image/jpeg";}}s:10:"image_meta";a:10:{s:8:"aperture";i:0;s:6:"credit";s:0:"";s:6:"camera";s:0:"";s:7:"caption";s:0:"";s:17:"created_timestamp";i:0;s:9:"copyright";s:0:"";s:12:"focal_length";i:0;s:3:"iso";i:0;s:13:"shutter_speed";i:0;s:5:"title";s:0:"";}}]]></wp:meta_value>
		</wp:postmeta>
	</item>
	<item>
		<title>bg2</title>
		<link>http://wordpress.thebebel.com/demo/maximlawxml/?attachment_id=43</link>
		<pubDate>Sat, 14 Jun 2014 10:38:56 +0000</pubDate>
		<dc:creator>Bebel</dc:creator>
		<guid isPermaLink="false">http://wordpress.thebebel.com/demo/maximlawxml/files/2014/06/bg2.jpg</guid>
		<description></description>
		<content:encoded><![CDATA[]]></content:encoded>
		<excerpt:encoded><![CDATA[]]></excerpt:encoded>
		<wp:post_id>43</wp:post_id>
		<wp:post_date>2014-06-14 10:38:56</wp:post_date>
		<wp:post_date_gmt>2014-06-14 10:38:56</wp:post_date_gmt>
		<wp:comment_status>open</wp:comment_status>
		<wp:ping_status>open</wp:ping_status>
		<wp:post_name>bg2</wp:post_name>
		<wp:status>inherit</wp:status>
		<wp:post_parent>4</wp:post_parent>
		<wp:menu_order>0</wp:menu_order>
		<wp:post_type>attachment</wp:post_type>
		<wp:post_password></wp:post_password>
		<wp:is_sticky>0</wp:is_sticky>
		<wp:attachment_url>http://wordpress.thebebel.com/demo/maximlawxml/files/2014/06/bg2.jpg</wp:attachment_url>
		<wp:postmeta>
			<wp:meta_key>_wp_attached_file</wp:meta_key>
			<wp:meta_value><![CDATA[2014/06/bg2.jpg]]></wp:meta_value>
		</wp:postmeta>
		<wp:postmeta>
			<wp:meta_key>_wp_attachment_metadata</wp:meta_key>
			<wp:meta_value><![CDATA[a:5:{s:5:"width";i:1800;s:6:"height";i:1195;s:4:"file";s:15:"2014/06/bg2.jpg";s:5:"sizes";a:8:{s:9:"thumbnail";a:4:{s:4:"file";s:15:"bg2-150x150.jpg";s:5:"width";i:150;s:6:"height";i:150;s:9:"mime-type";s:10:"image/jpeg";}s:6:"medium";a:4:{s:4:"file";s:15:"bg2-300x199.jpg";s:5:"width";i:300;s:6:"height";i:199;s:9:"mime-type";s:10:"image/jpeg";}s:5:"large";a:4:{s:4:"file";s:16:"bg2-1024x679.jpg";s:5:"width";i:1024;s:6:"height";i:679;s:9:"mime-type";s:10:"image/jpeg";}s:4:"blog";a:4:{s:4:"file";s:15:"bg2-196x196.jpg";s:5:"width";i:196;s:6:"height";i:196;s:9:"mime-type";s:10:"image/jpeg";}s:19:"page_without_margin";a:4:{s:4:"file";s:16:"bg2-1000x400.jpg";s:5:"width";i:1000;s:6:"height";i:400;s:9:"mime-type";s:10:"image/jpeg";}s:16:"page_with_margin";a:4:{s:4:"file";s:15:"bg2-879x246.jpg";s:5:"width";i:879;s:6:"height";i:246;s:9:"mime-type";s:10:"image/jpeg";}s:4:"work";a:4:{s:4:"file";s:15:"bg2-338x467.jpg";s:5:"width";i:338;s:6:"height";i:467;s:9:"mime-type";s:10:"image/jpeg";}s:7:"clients";a:4:{s:4:"file";s:15:"bg2-769x467.jpg";s:5:"width";i:769;s:6:"height";i:467;s:9:"mime-type";s:10:"image/jpeg";}}s:10:"image_meta";a:10:{s:8:"aperture";i:0;s:6:"credit";s:0:"";s:6:"camera";s:0:"";s:7:"caption";s:0:"";s:17:"created_timestamp";i:0;s:9:"copyright";s:0:"";s:12:"focal_length";i:0;s:3:"iso";i:0;s:13:"shutter_speed";i:0;s:5:"title";s:0:"";}}]]></wp:meta_value>
		</wp:postmeta>
	</item>
	<item>
		<title>Hello world!</title>
		<link>http://wordpress.thebebel.com/demo/maximlawxml/2014/06/14/hello-world/</link>
		<pubDate>Sat, 14 Jun 2014 09:56:53 +0000</pubDate>
		<dc:creator>artistinstall</dc:creator>
		<guid isPermaLink="false">http://wordpress.thebebel.com/demo/maximlawxml/?p=1</guid>
		<description></description>
		<content:encoded><![CDATA[Welcome to <a href="http://wordpress.thebebel.com/demo/">Demo Multi Network Sites</a>. This is your first post. Edit or delete it, then start blogging!]]></content:encoded>
		<excerpt:encoded><![CDATA[]]></excerpt:encoded>
		<wp:post_id>1</wp:post_id>
		<wp:post_date>2014-06-14 09:56:53</wp:post_date>
		<wp:post_date_gmt>2014-06-14 09:56:53</wp:post_date_gmt>
		<wp:comment_status>open</wp:comment_status>
		<wp:ping_status>open</wp:ping_status>
		<wp:post_name>hello-world</wp:post_name>
		<wp:status>publish</wp:status>
		<wp:post_parent>0</wp:post_parent>
		<wp:menu_order>0</wp:menu_order>
		<wp:post_type>post</wp:post_type>
		<wp:post_password></wp:post_password>
		<wp:is_sticky>0</wp:is_sticky>
		<category domain="category" nicename="uncategorized"><![CDATA[Uncategorized]]></category>
		<wp:comment>
			<wp:comment_id>1</wp:comment_id>
			<wp:comment_author><![CDATA[]]></wp:comment_author>
			<wp:comment_author_email></wp:comment_author_email>
			<wp:comment_author_url></wp:comment_author_url>
			<wp:comment_author_IP></wp:comment_author_IP>
			<wp:comment_date>2014-06-14 09:56:53</wp:comment_date>
			<wp:comment_date_gmt>2014-06-14 09:56:53</wp:comment_date_gmt>
			<wp:comment_content><![CDATA[]]></wp:comment_content>
			<wp:comment_approved>1</wp:comment_approved>
			<wp:comment_type></wp:comment_type>
			<wp:comment_parent>0</wp:comment_parent>
			<wp:comment_user_id>0</wp:comment_user_id>
		</wp:comment>
	</item>
	<item>
		<title>Sample Page</title>
		<link>http://wordpress.thebebel.com/demo/maximlawxml/sample-page/</link>
		<pubDate>Sat, 14 Jun 2014 09:56:53 +0000</pubDate>
		<dc:creator>artistinstall</dc:creator>
		<guid isPermaLink="false">http://wordpress.thebebel.com/demo/maximlawxml/?page_id=2</guid>
		<description></description>
		<content:encoded><![CDATA[]]></content:encoded>
		<excerpt:encoded><![CDATA[]]></excerpt:encoded>
		<wp:post_id>2</wp:post_id>
		<wp:post_date>2014-06-14 09:56:53</wp:post_date>
		<wp:post_date_gmt>2014-06-14 09:56:53</wp:post_date_gmt>
		<wp:comment_status>open</wp:comment_status>
		<wp:ping_status>open</wp:ping_status>
		<wp:post_name>sample-page</wp:post_name>
		<wp:status>trash</wp:status>
		<wp:post_parent>0</wp:post_parent>
		<wp:menu_order>0</wp:menu_order>
		<wp:post_type>page</wp:post_type>
		<wp:post_password></wp:post_password>
		<wp:is_sticky>0</wp:is_sticky>
		<wp:postmeta>
			<wp:meta_key>_wp_page_template</wp:meta_key>
			<wp:meta_value><![CDATA[default]]></wp:meta_value>
		</wp:postmeta>
		<wp:postmeta>
			<wp:meta_key>_wp_trash_meta_status</wp:meta_key>
			<wp:meta_value><![CDATA[publish]]></wp:meta_value>
		</wp:postmeta>
		<wp:postmeta>
			<wp:meta_key>_wp_trash_meta_time</wp:meta_key>
			<wp:meta_value><![CDATA[1402740180]]></wp:meta_value>
		</wp:postmeta>
	</item>
	<item>
		<title>Clients</title>
		<link>http://wordpress.thebebel.com/demo/maximlawxml/clients/</link>
		<pubDate>Sat, 14 Jun 2014 10:15:11 +0000</pubDate>
		<dc:creator>Bebel</dc:creator>
		<guid isPermaLink="false">http://wordpress.thebebel.com/demo/maximlawxml/?page_id=10</guid>
		<description></description>
		<content:encoded><![CDATA[]]></content:encoded>
		<excerpt:encoded><![CDATA[]]></excerpt:encoded>
		<wp:post_id>10</wp:post_id>
		<wp:post_date>2014-06-14 10:15:11</wp:post_date>
		<wp:post_date_gmt>2014-06-14 10:15:11</wp:post_date_gmt>
		<wp:comment_status>open</wp:comment_status>
		<wp:ping_status>open</wp:ping_status>
		<wp:post_name>clients</wp:post_name>
		<wp:status>publish</wp:status>
		<wp:post_parent>0</wp:post_parent>
		<wp:menu_order>0</wp:menu_order>
		<wp:post_type>page</wp:post_type>
		<wp:post_password></wp:post_password>
		<wp:is_sticky>0</wp:is_sticky>
		<wp:postmeta>
			<wp:meta_key>_edit_last</wp:meta_key>
			<wp:meta_value><![CDATA[1]]></wp:meta_value>
		</wp:postmeta>
		<wp:postmeta>
			<wp:meta_key>_wp_page_template</wp:meta_key>
			<wp:meta_value><![CDATA[template-clients.php]]></wp:meta_value>
		</wp:postmeta>
		<wp:postmeta>
			<wp:meta_key>inner-page-layout</wp:meta_key>
			<wp:meta_value><![CDATA[default]]></wp:meta_value>
		</wp:postmeta>
	</item>
	<item>
		<title>Contact</title>
		<link>http://wordpress.thebebel.com/demo/maximlawxml/contact/</link>
		<pubDate>Sat, 14 Jun 2014 10:18:24 +0000</pubDate>
		<dc:creator>Bebel</dc:creator>
		<guid isPermaLink="false">http://wordpress.thebebel.com/demo/maximlawxml/?page_id=12</guid>
		<description></description>
		<content:encoded><![CDATA[]]></content:encoded>
		<excerpt:encoded><![CDATA[]]></excerpt:encoded>
		<wp:post_id>12</wp:post_id>
		<wp:post_date>2014-06-14 10:18:24</wp:post_date>
		<wp:post_date_gmt>2014-06-14 10:18:24</wp:post_date_gmt>
		<wp:comment_status>open</wp:comment_status>
		<wp:ping_status>open</wp:ping_status>
		<wp:post_name>contact</wp:post_name>
		<wp:status>publish</wp:status>
		<wp:post_parent>0</wp:post_parent>
		<wp:menu_order>0</wp:menu_order>
		<wp:post_type>page</wp:post_type>
		<wp:post_password></wp:post_password>
		<wp:is_sticky>0</wp:is_sticky>
		<wp:postmeta>
			<wp:meta_key>_edit_last</wp:meta_key>
			<wp:meta_value><![CDATA[1]]></wp:meta_value>
		</wp:postmeta>
		<wp:postmeta>
			<wp:meta_key>_wp_page_template</wp:meta_key>
			<wp:meta_value><![CDATA[template-contact.php]]></wp:meta_value>
		</wp:postmeta>
		<wp:postmeta>
			<wp:meta_key>inner-page-layout</wp:meta_key>
			<wp:meta_value><![CDATA[default]]></wp:meta_value>
		</wp:postmeta>
	</item>
	<item>
		<title>Gallery</title>
		<link>http://wordpress.thebebel.com/demo/maximlawxml/gallery/</link>
		<pubDate>Sat, 14 Jun 2014 10:19:15 +0000</pubDate>
		<dc:creator>Bebel</dc:creator>
		<guid isPermaLink="false">http://wordpress.thebebel.com/demo/maximlawxml/?page_id=14</guid>
		<description></description>
		<content:encoded><![CDATA[]]></content:encoded>
		<excerpt:encoded><![CDATA[]]></excerpt:encoded>
		<wp:post_id>14</wp:post_id>
		<wp:post_date>2014-06-14 10:19:15</wp:post_date>
		<wp:post_date_gmt>2014-06-14 10:19:15</wp:post_date_gmt>
		<wp:comment_status>open</wp:comment_status>
		<wp:ping_status>open</wp:ping_status>
		<wp:post_name>gallery</wp:post_name>
		<wp:status>publish</wp:status>
		<wp:post_parent>0</wp:post_parent>
		<wp:menu_order>0</wp:menu_order>
		<wp:post_type>page</wp:post_type>
		<wp:post_password></wp:post_password>
		<wp:is_sticky>0</wp:is_sticky>
		<wp:postmeta>
			<wp:meta_key>_edit_last</wp:meta_key>
			<wp:meta_value><![CDATA[1]]></wp:meta_value>
		</wp:postmeta>
		<wp:postmeta>
			<wp:meta_key>_wp_page_template</wp:meta_key>
			<wp:meta_value><![CDATA[template-gallery.php]]></wp:meta_value>
		</wp:postmeta>
		<wp:postmeta>
			<wp:meta_key>inner-page-layout</wp:meta_key>
			<wp:meta_value><![CDATA[default]]></wp:meta_value>
		</wp:postmeta>
	</item>
	<item>
		<title>Team Member</title>
		<link>http://wordpress.thebebel.com/demo/maximlawxml/team-member/</link>
		<pubDate>Sat, 14 Jun 2014 10:20:45 +0000</pubDate>
		<dc:creator>Bebel</dc:creator>
		<guid isPermaLink="false">http://wordpress.thebebel.com/demo/maximlawxml/?page_id=16</guid>
		<description></description>
		<content:encoded><![CDATA[]]></content:encoded>
		<excerpt:encoded><![CDATA[]]></excerpt:encoded>
		<wp:post_id>16</wp:post_id>
		<wp:post_date>2014-06-14 10:20:45</wp:post_date>
		<wp:post_date_gmt>2014-06-14 10:20:45</wp:post_date_gmt>
		<wp:comment_status>open</wp:comment_status>
		<wp:ping_status>open</wp:ping_status>
		<wp:post_name>team-member</wp:post_name>
		<wp:status>publish</wp:status>
		<wp:post_parent>0</wp:post_parent>
		<wp:menu_order>0</wp:menu_order>
		<wp:post_type>page</wp:post_type>
		<wp:post_password></wp:post_password>
		<wp:is_sticky>0</wp:is_sticky>
		<wp:postmeta>
			<wp:meta_key>_edit_last</wp:meta_key>
			<wp:meta_value><![CDATA[1]]></wp:meta_value>
		</wp:postmeta>
		<wp:postmeta>
			<wp:meta_key>_wp_page_template</wp:meta_key>
			<wp:meta_value><![CDATA[template-team.php]]></wp:meta_value>
		</wp:postmeta>
		<wp:postmeta>
			<wp:meta_key>inner-page-layout</wp:meta_key>
			<wp:meta_value><![CDATA[default]]></wp:meta_value>
		</wp:postmeta>
	</item>
	<item>
		<title>Areas of Work</title>
		<link>http://wordpress.thebebel.com/demo/maximlawxml/areas-of-work/</link>
		<pubDate>Sat, 14 Jun 2014 10:21:31 +0000</pubDate>
		<dc:creator>Bebel</dc:creator>
		<guid isPermaLink="false">http://wordpress.thebebel.com/demo/maximlawxml/?page_id=18</guid>
		<description></description>
		<content:encoded><![CDATA[]]></content:encoded>
		<excerpt:encoded><![CDATA[]]></excerpt:encoded>
		<wp:post_id>18</wp:post_id>
		<wp:post_date>2014-06-14 10:21:31</wp:post_date>
		<wp:post_date_gmt>2014-06-14 10:21:31</wp:post_date_gmt>
		<wp:comment_status>open</wp:comment_status>
		<wp:ping_status>open</wp:ping_status>
		<wp:post_name>areas-of-work</wp:post_name>
		<wp:status>publish</wp:status>
		<wp:post_parent>0</wp:post_parent>
		<wp:menu_order>0</wp:menu_order>
		<wp:post_type>page</wp:post_type>
		<wp:post_password></wp:post_password>
		<wp:is_sticky>0</wp:is_sticky>
		<wp:postmeta>
			<wp:meta_key>_edit_last</wp:meta_key>
			<wp:meta_value><![CDATA[1]]></wp:meta_value>
		</wp:postmeta>
		<wp:postmeta>
			<wp:meta_key>_wp_page_template</wp:meta_key>
			<wp:meta_value><![CDATA[template-work.php]]></wp:meta_value>
		</wp:postmeta>
		<wp:postmeta>
			<wp:meta_key>inner-page-layout</wp:meta_key>
			<wp:meta_value><![CDATA[default]]></wp:meta_value>
		</wp:postmeta>
	</item>
	<item>
		<title>Contact form 1</title>
		<link>http://wordpress.thebebel.com/demo/maximlawxml/?post_type=wpcf7_contact_form&#038;p=20</link>
		<pubDate>Sat, 14 Jun 2014 10:21:48 +0000</pubDate>
		<dc:creator>Bebel</dc:creator>
		<guid isPermaLink="false">http://wordpress.thebebel.com/demo/maximlawxml/?post_type=wpcf7_contact_form&#038;p=20</guid>
		<description></description>
		<content:encoded><![CDATA[<p>Your Name (required)<br />
    [text* your-name] </p>

<p>Your Email (required)<br />
    [email* your-email] </p>

<p>Subject<br />
    [text your-subject] </p>

<p>Your Message<br />
    [textarea your-message] </p>

<p>[submit "Send"]</p>
[your-subject]
[your-name] <[your-email]>
From: [your-name] <[your-email]>
Subject: [your-subject]

Message Body:
[your-message]

--
This e-mail was sent from a contact form on maximlawxml (http://wordpress.thebebel.com/demo/maximlawxml)
maxleondalheimer@yahoo.de


0

[your-subject]
[your-name] <[your-email]>
Message Body:
[your-message]

--
This e-mail was sent from a contact form on maximlawxml (http://wordpress.thebebel.com/demo/maximlawxml)
[your-email]


0
Your message was sent successfully. Thanks.
Failed to send your message. Please try later or contact the administrator by another method.
Validation errors occurred. Please confirm the fields and submit it again.
Failed to send your message. Please try later or contact the administrator by another method.
Please accept the terms to proceed.
Please fill the required field.]]></content:encoded>
		<excerpt:encoded><![CDATA[]]></excerpt:encoded>
		<wp:post_id>20</wp:post_id>
		<wp:post_date>2014-06-14 10:21:48</wp:post_date>
		<wp:post_date_gmt>2014-06-14 10:21:48</wp:post_date_gmt>
		<wp:comment_status>open</wp:comment_status>
		<wp:ping_status>open</wp:ping_status>
		<wp:post_name>contact-form-1</wp:post_name>
		<wp:status>publish</wp:status>
		<wp:post_parent>0</wp:post_parent>
		<wp:menu_order>0</wp:menu_order>
		<wp:post_type>wpcf7_contact_form</wp:post_type>
		<wp:post_password></wp:post_password>
		<wp:is_sticky>0</wp:is_sticky>
		<wp:postmeta>
			<wp:meta_key>_form</wp:meta_key>
			<wp:meta_value><![CDATA[<p>Your Name (required)<br />
    [text* your-name] </p>

<p>Your Email (required)<br />
    [email* your-email] </p>

<p>Subject<br />
    [text your-subject] </p>

<p>Your Message<br />
    [textarea your-message] </p>

<p>[submit "Send"]</p>]]></wp:meta_value>
		</wp:postmeta>
		<wp:postmeta>
			<wp:meta_key>_mail</wp:meta_key>
			<wp:meta_value><![CDATA[a:7:{s:7:"subject";s:14:"[your-subject]";s:6:"sender";s:26:"[your-name] <[your-email]>";s:4:"body";s:195:"From: [your-name] <[your-email]>
Subject: [your-subject]

Message Body:
[your-message]

--
This e-mail was sent from a contact form on maximlawxml (http://wordpress.thebebel.com/demo/maximlawxml)";s:9:"recipient";s:25:"maxleondalheimer@yahoo.de";s:18:"additional_headers";s:0:"";s:11:"attachments";s:0:"";s:8:"use_html";i:0;}]]></wp:meta_value>
		</wp:postmeta>
		<wp:postmeta>
			<wp:meta_key>_mail_2</wp:meta_key>
			<wp:meta_value><![CDATA[a:8:{s:6:"active";b:0;s:7:"subject";s:14:"[your-subject]";s:6:"sender";s:26:"[your-name] <[your-email]>";s:4:"body";s:137:"Message Body:
[your-message]

--
This e-mail was sent from a contact form on maximlawxml (http://wordpress.thebebel.com/demo/maximlawxml)";s:9:"recipient";s:12:"[your-email]";s:18:"additional_headers";s:0:"";s:11:"attachments";s:0:"";s:8:"use_html";i:0;}]]></wp:meta_value>
		</wp:postmeta>
		<wp:postmeta>
			<wp:meta_key>_messages</wp:meta_key>
			<wp:meta_value><![CDATA[a:6:{s:12:"mail_sent_ok";s:43:"Your message was sent successfully. Thanks.";s:12:"mail_sent_ng";s:93:"Failed to send your message. Please try later or contact the administrator by another method.";s:16:"validation_error";s:74:"Validation errors occurred. Please confirm the fields and submit it again.";s:4:"spam";s:93:"Failed to send your message. Please try later or contact the administrator by another method.";s:12:"accept_terms";s:35:"Please accept the terms to proceed.";s:16:"invalid_required";s:31:"Please fill the required field.";}]]></wp:meta_value>
		</wp:postmeta>
		<wp:postmeta>
			<wp:meta_key>_additional_settings</wp:meta_key>
			<wp:meta_value><![CDATA[]]></wp:meta_value>
		</wp:postmeta>
	</item>
	<item>
		<title>Blog</title>
		<link>http://wordpress.thebebel.com/demo/maximlawxml/blog/</link>
		<pubDate>Sat, 14 Jun 2014 10:35:01 +0000</pubDate>
		<dc:creator>Bebel</dc:creator>
		<guid isPermaLink="false">http://wordpress.thebebel.com/demo/maximlawxml/?page_id=38</guid>
		<description></description>
		<content:encoded><![CDATA[]]></content:encoded>
		<excerpt:encoded><![CDATA[]]></excerpt:encoded>
		<wp:post_id>38</wp:post_id>
		<wp:post_date>2014-06-14 10:35:01</wp:post_date>
		<wp:post_date_gmt>2014-06-14 10:35:01</wp:post_date_gmt>
		<wp:comment_status>open</wp:comment_status>
		<wp:ping_status>open</wp:ping_status>
		<wp:post_name>blog</wp:post_name>
		<wp:status>publish</wp:status>
		<wp:post_parent>0</wp:post_parent>
		<wp:menu_order>0</wp:menu_order>
		<wp:post_type>page</wp:post_type>
		<wp:post_password></wp:post_password>
		<wp:is_sticky>0</wp:is_sticky>
		<wp:postmeta>
			<wp:meta_key>_edit_last</wp:meta_key>
			<wp:meta_value><![CDATA[1]]></wp:meta_value>
		</wp:postmeta>
		<wp:postmeta>
			<wp:meta_key>_wp_page_template</wp:meta_key>
			<wp:meta_value><![CDATA[default]]></wp:meta_value>
		</wp:postmeta>
		<wp:postmeta>
			<wp:meta_key>inner-page-layout</wp:meta_key>
			<wp:meta_value><![CDATA[default]]></wp:meta_value>
		</wp:postmeta>
	</item>
</channel>
</rss>
