[{"created_at":"Tue Jul 01 23:43:27 +0000 2014","id":484120128657698816,"id_str":"484120128657698816","text":"\"We have learned to have a better feel for market demand &amp; customer needs, &amp; of course, we are still learning\"  http:\/\/t.co\/wdAI604NJa","source":"\u003ca href=\"http:\/\/itunes.apple.com\/us\/app\/twitter\/id409789998?mt=12\" rel=\"nofollow\"\u003eTwitter for Mac\u003c\/a\u003e","truncated":false,"in_reply_to_status_id":null,"in_reply_to_status_id_str":null,"in_reply_to_user_id":null,"in_reply_to_user_id_str":null,"in_reply_to_screen_name":null,"user":{"id":223434610,"id_str":"223434610","name":"ThemeForest","screen_name":"ThemeForest","location":"Melbourne, Australia","description":"The world leader in premium website themes and templates. Follow the community too #themeforest","url":"http:\/\/t.co\/J3c7B7SVqV","entities":{"url":{"urls":[{"url":"http:\/\/t.co\/J3c7B7SVqV","expanded_url":"http:\/\/themeforest.net","display_url":"themeforest.net","indices":[0,22]}]},"description":{"urls":[]}},"protected":false,"followers_count":2520,"friends_count":171,"listed_count":36,"created_at":"Mon Dec 06 11:31:45 +0000 2010","favourites_count":85,"utc_offset":39600,"time_zone":"New Caledonia","geo_enabled":false,"verified":false,"statuses_count":352,"lang":"en","contributors_enabled":false,"is_translator":false,"is_translation_enabled":false,"profile_background_color":"C0DEED","profile_background_image_url":"http:\/\/pbs.twimg.com\/profile_background_images\/378800000165060312\/OD99Ktl2.jpeg","profile_background_image_url_https":"https:\/\/pbs.twimg.com\/profile_background_images\/378800000165060312\/OD99Ktl2.jpeg","profile_background_tile":false,"profile_image_url":"http:\/\/pbs.twimg.com\/profile_images\/460967605008728065\/llDTN-Pk_normal.png","profile_image_url_https":"https:\/\/pbs.twimg.com\/profile_images\/460967605008728065\/llDTN-Pk_normal.png","profile_banner_url":"https:\/\/pbs.twimg.com\/profile_banners\/223434610\/1398733933","profile_link_color":"0084B4","profile_sidebar_border_color":"FFFFFF","profile_sidebar_fill_color":"DDEEF6","profile_text_color":"333333","profile_use_background_image":true,"default_profile":false,"default_profile_image":false,"following":false,"follow_request_sent":false,"notifications":false},"geo":null,"coordinates":null,"place":null,"contributors":null,"retweet_count":0,"favorite_count":0,"entities":{"hashtags":[],"symbols":[],"urls":[{"url":"http:\/\/t.co\/wdAI604NJa","expanded_url":"http:\/\/notes.envato.com\/authors\/happy-power-elite-day-qode\/","display_url":"notes.envato.com\/authors\/happy-\u2026","indices":[120,142]}],"user_mentions":[]},"favorited":false,"retweeted":false,"possibly_sensitive":false,"lang":"en"}]